id,host_id,host_is_superhost,neighbourhood_cleansed,neighbourhood_group_cleansed,latitude,longitude,property_type,room_type,accommodates,bathrooms,bedrooms,amenities,price,number_of_reviews,review_scores_rating,availability_30,availability_365
1342636296445637689,674894903,f,East Village,Manhattan,40.72956580459036,-73.98942684449149,Entire rental unit,Entire home/apt,2,1.0,1.0,"[""Air conditioning"", ""Carbon monoxide alarm"", ""Wifi"", ""Smoke alarm"", ""Kitchen"", ""TV""]",$495.00,0,,30,365
40586085,149380359,f,Prospect-Lefferts Gardens,Brooklyn,40.65999,-73.96099,Private room in rental unit,Private room,2,,,"[""Free street parking"", ""Refrigerator"", ""Dishes and silverware"", ""Hangers"", ""Pets allowed"", ""Wifi"", ""Kitchen"", ""Essentials"", ""Heating"", ""TV""]",,2,5.0,0,0
30594172,228879817,t,Flushing,Queens,40.74372189141004,-73.83450917793769,Private room in bungalow,Private room,2,1.0,1.0,"[""Oven"", ""Fire extinguisher"", ""Dedicated workspace"", ""Extra pillows and blankets"", ""Dining table"", ""Cooking basics"", ""Keypad"", ""Microwave"", ""Bread maker"", ""Hair dryer"", ""Self check-in"", ""Essentials"", ""Iron"", ""Bed linens"", ""Body soap"", ""Stove"", ""Heating"", ""Toaster"", ""Shower gel"", ""Cleaning products"", ""Clothing storage"", ""Dishes and silverware"", ""Carbon monoxide alarm"", ""Hot water"", ""Wifi"", ""Smoke alarm"", ""Hot water kettle"", ""Kitchen"", ""Conditioner"", ""Private entrance"", ""Lock on bedroom door"", ""Refrigerator"", ""Hangers"", ""AC - split type ductless system"", ""Shampoo"", ""Room-darkening shades""]",$68.00,206,4.77,15,320
877620974568653457,859057,f,Bedford-Stuyvesant,Brooklyn,40.68719308571305,-73.95393584627894,Private room in townhouse,Private room,2,1.0,1.0,"[""Fire extinguisher"", ""First aid kit"", ""Luggage dropoff allowed"", ""Crib - available upon request"", ""Hair dryer"", ""Self check-in"", ""Essentials"", ""Long term stays allowed"", ""Body soap"", ""Backyard"", ""Lockbox"", ""Patio or balcony"", ""BBQ grill"", ""TV"", ""Washer"", ""Central heating"", ""High chair"", ""Air conditioning"", ""Carbon monoxide alarm"", ""Hot water"", ""Dryer"", ""Smoke alarm"", ""Wifi"", ""Coffee maker"", ""Lock on bedroom door"", ""Outdoor dining area"", ""Refrigerator"", ""Hangers"", ""Shampoo""]",$180.00,14,5.0,30,365
15827516,102478101,f,Hell's Kitchen,Manhattan,40.76166,-73.99975,Entire rental unit,Entire home/apt,2,,1.0,"[""Kitchen"", ""Gym"", ""TV"", ""Air conditioning"", ""Pool"", ""Hangers"", ""Carbon monoxide alarm"", ""Elevator"", ""Dryer"", ""Hair dryer"", ""Smoke alarm"", ""Heating"", ""Wifi"", ""Shampoo"", ""Essentials"", ""Iron"", ""Washer""]",,4,5.0,0,0
9317779,30738895,f,East Village,Manhattan,40.72499,-73.98512,Private room in rental unit,Private room,2,,,"[""Lock on bedroom door"", ""First aid kit"", ""Air conditioning"", ""Hangers"", ""Wifi"", ""Smoke alarm"", ""Kitchen"", ""Essentials"", ""Heating""]",,0,,0,0
594914131275091113,49500419,t,East Flatbush,Brooklyn,40.65404,-73.91743,Entire rental unit,Entire home/apt,2,1.0,1.0,"[""Oven"", ""Laundromat nearby"", ""Fire extinguisher"", ""First aid kit"", ""Free washer \u2013 In unit"", ""Dedicated workspace"", ""Extra pillows and blankets"", ""Noise decibel monitors on property"", ""Cooking basics"", ""Dining table"", ""Coffee"", ""Shared backyard \u2013 Not fully fenced"", ""Microwave"", ""Hair dryer"", ""Self check-in"", ""Wine glasses"", ""Essentials"", ""Central air conditioning"", ""Iron"", ""Long term stays allowed"", ""Bed linens"", ""Body soap"", ""Dishwasher"", ""Electric stove"", ""Lockbox"", ""HDTV with standard cable"", ""Radiant heating"", ""Clothing storage: closet and dresser"", ""Central heating"", ""Free street parking"", ""Toaster"", ""Cleaning products"", ""Exterior security cameras on property"", ""Dishes and silverware"", ""Carbon monoxide alarm"", ""Hot water"", ""Wifi"", ""Smoke alarm"", ""Coffee maker: Keurig coffee machine"", ""Kitchen"", ""Conditioner"", ""Private entrance"", ""Refrigerator"", ""Hangers"", ""Free dryer \u2013 In unit"", ""Baking sheet"", ""Shampoo"", ""Freezer"", ""Room-darkening shades""]",$153.00,29,4.86,28,88
1360290629684082554,670739985,f,Bushwick,Brooklyn,40.6972339776131,-73.91393365550348,Private room in bed and breakfast,Private room,2,1.0,1.0,"[""Lock on bedroom door"", ""Washer"", ""Wifi"", ""Smoke alarm"", ""Kitchen"", ""TV""]",$45.00,0,,30,180
1231928660362309154,441653913,f,East Flatbush,Brooklyn,40.650987,-73.9201566,Entire rental unit,Entire home/apt,2,1.0,1.0,"[""Portable fans"", ""Laundromat nearby"", ""Fire extinguisher"", ""First aid kit"", ""Dedicated workspace"", ""Dining table"", ""Cooking basics"", ""Microwave"", ""Hair dryer"", ""Radiant heating"", ""Bathtub"", ""Gas stove"", ""TV"", ""Free street parking"", ""Air conditioning"", ""Cleaning products"", ""Exterior security cameras on property"", ""Carbon monoxide alarm"", ""Hot water"", ""Wifi"", ""Smoke alarm"", ""Hot water kettle"", ""Kitchen"", ""Private entrance"", ""Coffee maker"", ""Refrigerator"", ""Single oven""]",$81.00,0,,27,87
48996689,126503835,f,Williamsburg,Brooklyn,40.71606,-73.96585,Private room in rental unit,Private room,2,1.0,1.0,"[""Portable fans"", ""Babysitter recommendations"", ""Fire extinguisher"", ""Coffee maker: Keurig coffee machine, pour-over coffee"", ""Clothing storage: closet"", ""Single level home"", ""Luggage dropoff allowed"", ""Long term stays allowed"", ""Dedicated workspace"", ""Extra pillows and blankets"", ""Dining table"", ""Cooking basics"", ""Pets allowed"", ""Stainless steel gas stove"", ""Hair dryer"", ""Exercise equipment"", ""Wine glasses"", ""Self check-in"", ""Essentials"", ""City skyline view"", ""Iron"", ""Central air conditioning"", ""Bed linens"", ""Stainless steel oven"", ""Private backyard \u2013 Fully fenced"", ""Body soap"", ""Paid washer \u2013 In unit"", ""Dishwasher"", ""Beach access \u2013 Beachfront"", ""Lockbox"", ""Patio or balcony"", ""Bathtub"", ""Central heating"", ""Barbecue utensils"", ""Free street parking"", ""Mini fridge"", ""Toaster"", ""Shower gel"", ""Cleaning products"", ""Dishes and silverware"", ""Hammock"", ""Carbon monoxide alarm"", ""Free parking on premises"", ""Hot water"", ""Wifi"", ""Smoke alarm"", ""Hot water kettle"", ""Kitchen"", ""Paid dryer \u2013 In unit"", ""Lock on bedroom door"", ""Refrigerator"", ""Waterfront"", ""Paid street parking off premises"", ""Hangers"", ""Record player"", ""Palmolive conditioner"", ""Shampoo"", ""Freezer"", ""Room-darkening shades""]",$172.00,32,4.78,30,90
1287085775345275722,356731,f,Prospect Heights,Brooklyn,40.67967080596507,-73.97298004478216,Private room in home,Private room,2,0.5,1.0,"[""Portable fans"", ""Laundromat nearby"", ""Dedicated workspace"", ""Extra pillows and blankets"", ""Microwave"", ""Wine glasses"", ""Long term stays allowed"", ""Iron"", ""Bed linens"", ""Body soap"", ""Radiant heating"", ""Clothing storage: walk-in closet and closet"", ""Paid parking lot off premises"", ""Bathtub"", ""TV"", ""Free street parking"", ""Mini fridge"", ""Air conditioning"", ""Shower gel"", ""Dishes and silverware"", ""Carbon monoxide alarm"", ""Coffee maker: drip coffee maker, Nespresso"", ""Hot water"", ""Wifi"", ""Smoke alarm"", ""Hot water kettle"", ""Private entrance"", ""Conditioner"", ""Lock on bedroom door"", ""Refrigerator"", ""Housekeeping - available at extra cost"", ""Hangers"", ""Shampoo"", ""Room-darkening shades""]",$95.00,0,,24,358
22109695,35251433,f,Financial District,Manhattan,40.70856289247125,-74.0063563745035,Private room in rental unit,Private room,2,,,"[""Rice maker"", ""65 inch TV with Hulu, Netflix"", ""Paid dryer \u2013 In building"", ""Dining table"", ""Cooking basics"", ""Microwave"", ""Window AC unit"", ""Host greets you"", ""Wine glasses"", ""Essentials"", ""Bed linens"", ""Stainless steel oven"", ""Body soap"", ""Dishwasher"", ""Bathtub"", ""Induction stove"", ""Heating"", ""Paid washer \u2013 In building"", ""Shower gel"", ""Cleaning products"", ""Dishes and silverware"", ""Carbon monoxide alarm"", ""Hot water"", ""Wifi"", ""Smoke alarm"", ""Kitchen"", ""Conditioner"", ""Refrigerator"", ""Shampoo"", ""Freezer""]",,0,,0,0
2057480,6145679,f,SoHo,Manhattan,40.7265,-74.0032,Entire rental unit,Entire home/apt,6,,2.0,"[""Air conditioning"", ""Indoor fireplace"", ""Washer"", ""Hot tub"", ""Wifi"", ""Smoke alarm"", ""Kitchen"", ""Essentials"", ""Heating"", ""TV""]",,4,5.0,0,0
1449263,7777902,f,Bedford-Stuyvesant,Brooklyn,40.68653,-73.93416,Entire rental unit,Entire home/apt,2,,1.0,"[""Kitchen"", ""Fire extinguisher"", ""Hangers"", ""Carbon monoxide alarm"", ""Free parking on premises"", ""Wifi"", ""Hair dryer"", ""Smoke alarm"", ""Heating"", ""Shampoo"", ""Essentials"", ""Iron""]",,1,5.0,0,0
623882710917814272,111158974,f,West Village,Manhattan,40.73142,-74.00587,Entire condo,Entire home/apt,2,1.0,1.0,"[""Portable fans"", ""Baking sheet"", ""Fire extinguisher"", ""First aid kit"", ""Coffee maker: Nespresso"", ""Extra pillows and blankets"", ""Cooking basics"", ""Coffee"", ""Hair dryer"", ""Window AC unit"", ""Essentials"", ""City skyline view"", ""Iron"", ""Long term stays allowed"", ""Bed linens"", ""Stainless steel oven"", ""Body soap"", ""Ceiling fan"", ""25 inch HDTV with HBO Max, Hulu, Netflix, Amazon Prime Video"", ""Exercise equipment: yoga mat"", ""Bathtub"", ""Gas stove"", ""Heating"", ""Cleaning products"", ""Dishes and silverware"", ""Carbon monoxide alarm"", ""Hot water"", ""Wifi"", ""Smoke alarm"", ""Kitchen"", ""Courtyard view"", ""Refrigerator"", ""Hangers"", ""Books and reading material"", ""Freezer"", ""Room-darkening shades""]",$250.00,0,,30,365
1209393633569416487,559446215,t,SoHo,Manhattan,40.71919,-74.00102,Room in hotel,Private room,2,1.0,1.0,"[""Fire extinguisher"", ""First aid kit"", ""Dedicated workspace"", ""Pets allowed"", ""Hair dryer"", ""Host greets you"", ""Essentials"", ""Long term stays allowed"", ""Iron"", ""Bed linens"", ""TV with standard cable"", ""Body soap"", ""Heating"", ""Air conditioning"", ""Carbon monoxide alarm"", ""Wifi"", ""Smoke alarm"", ""Private entrance"", ""Shampoo"", ""Safe"", ""Hangers"", ""Elevator""]",$182.00,32,4.72,28,293
740118115021378182,15617507,t,Morris Park,Bronx,40.85091,-73.86269,Entire guest suite,Entire home/apt,2,1.0,1.0,"[""Laundromat nearby"", ""Fire extinguisher"", ""Luggage dropoff allowed"", ""Single level home"", ""Dining table"", ""Cooking basics"", ""Microwave"", ""Essentials"", ""Long term stays allowed"", ""Iron"", ""Bed linens"", ""Electric stove"", ""Free dryer \u2013 In building"", ""Heating"", ""TV"", ""Free street parking"", ""Paid washer \u2013 In building"", ""Air conditioning"", ""Shower gel"", ""Toaster"", ""Dishes and silverware"", ""Carbon monoxide alarm"", ""Hot water"", ""Wifi"", ""Smoke alarm"", ""Private entrance"", ""Kitchen"", ""Paid parking on premises \u2013 1 space"", ""Coffee maker"", ""Refrigerator"", ""Hangers""]",$53.00,7,5.0,0,156
8274931,43633040,t,Astoria,Queens,40.76312,-73.92441,Entire rental unit,Entire home/apt,2,,1.0,"[""Baking sheet"", ""Oven"", ""Laundromat nearby"", ""Fire extinguisher"", ""First aid kit"", ""Dedicated workspace"", ""Extra pillows and blankets"", ""Dining table"", ""Cooking basics"", ""Coffee"", ""Microwave"", ""Hair dryer"", ""Exercise equipment: stationary bike"", ""Self check-in"", ""Essentials"", ""City skyline view"", ""Iron"", ""Long term stays allowed"", ""Bed linens"", ""TV with standard cable"", ""Body soap"", ""Dishwasher"", ""Stove"", ""Window guards"", ""Ceiling fan"", ""Lockbox"", ""Elevator"", ""Pool table"", ""Clothing storage: closet and dresser"", ""Bathtub"", ""Heating"", ""Outdoor furniture"", ""Paid washer \u2013 In building"", ""Air conditioning"", ""Shower gel"", ""Toaster"", ""Cleaning products"", ""Dishes and silverware"", ""Cleaning available during stay"", ""Carbon monoxide alarm"", ""Hot water"", ""Wifi"", ""Smoke alarm"", ""Hot water kettle"", ""Kitchen"", ""Conditioner"", ""Coffee maker"", ""Private patio or balcony"", ""Paid parking garage off premises"", ""Refrigerator"", ""Hangers"", ""Books and reading material"", ""Shampoo"", ""Freezer"", ""Room-darkening shades""]",,35,4.83,0,0
1069508594681767937,27181542,f,Upper East Side,Manhattan,40.76556084432931,-73.95602051906447,Entire rental unit,Entire home/apt,4,1.0,2.0,"[""Clothing storage: closet"", ""Dedicated workspace"", ""Extra pillows and blankets"", ""Dining table"", ""Cooking basics"", ""Microwave"", ""Pets allowed"", ""Hair dryer"", ""Wine glasses"", ""Essentials"", ""Long term stays allowed"", ""Iron"", ""Bed linens"", ""Dishwasher"", ""Stove"", ""Radiant heating"", ""Room-darkening shades"", ""Free street parking"", ""Air conditioning"", ""Toaster"", ""Cleaning available during stay"", ""Dishes and silverware"", ""Carbon monoxide alarm"", ""Hot water"", ""Wifi"", ""Smoke alarm"", ""Hot water kettle"", ""Kitchen"", ""Stainless steel single oven"", ""Refrigerator"", ""Hangers"", ""Coffee maker: drip coffee maker"", ""Freezer"", ""50 inch HDTV with Fire TV""]",$294.00,0,,30,365
568678991620780735,22541573,t,Midtown,Manhattan,40.74597,-73.9868,Entire rental unit,Entire home/apt,5,2.0,2.0,"[""Oven"", ""Gym"", ""Free washer \u2013 In unit"", ""Dedicated workspace"", ""Microwave"", ""Pets allowed"", ""Hair dryer"", ""Self check-in"", ""Essentials"", ""Iron"", ""Bed linens"", ""TV with standard cable"", ""Building staff"", ""Dishwasher"", ""Stove"", ""Heating"", ""Air conditioning"", ""Dishes and silverware"", ""Carbon monoxide alarm"", ""Hot water"", ""Wifi"", ""Smoke alarm"", ""Kitchen"", ""Coffee maker"", ""Refrigerator"", ""Hangers"", ""Free dryer \u2013 In unit"", ""Shampoo""]",$615.00,0,,26,356
879575087369763316,37241656,f,East Village,Manhattan,40.73153997337622,-73.99129711422543,Entire rental unit,Entire home/apt,8,2.0,4.0,"[""Rice maker"", ""Fire extinguisher"", ""Laundromat nearby"", ""First aid kit"", ""Clothing storage: closet"", ""Blender"", ""Single level home"", ""Dedicated workspace"", ""Extra pillows and blankets"", ""Dining table"", ""Cooking basics"", ""Hair dryer"", ""Wine glasses"", ""Essentials"", ""Long term stays allowed"", ""400 inch HDTV"", ""Iron"", ""Bed linens"", ""Heating - split type ductless system"", ""Stainless steel oven"", ""Body soap"", ""Dishwasher"", ""Stove"", ""Ceiling fan"", ""Elevator"", ""Bathtub"", ""Bluetooth sound system"", ""Exercise equipment: free weights, yoga mat, workout bench"", ""Air conditioning"", ""Shower gel"", ""Toaster"", ""Cleaning products"", ""Dishes and silverware"", ""Cleaning available during stay"", ""Hot water"", ""Wifi"", ""Smoke alarm"", ""Hot water kettle"", ""Kitchen"", ""Conditioner"", ""Coffee maker: pour-over coffee"", ""Movie theater"", ""Refrigerator"", ""Hangers"", ""Piano"", ""Baking sheet"", ""Shampoo"", ""Freezer"", ""Room-darkening shades""]",$600.00,2,5.0,29,211
7837685,41007099,f,Crown Heights,Brooklyn,40.66732,-73.92937,Private room in rental unit,Private room,2,,,"[""Oven"", ""Extra pillows and blankets"", ""Cooking basics"", ""Microwave"", ""Hair dryer"", ""Self check-in"", ""Essentials"", ""Smoking allowed"", ""Iron"", ""Long term stays allowed"", ""Bed linens"", ""Dishwasher"", ""Stove"", ""Backyard"", ""Lockbox"", ""BBQ grill"", ""Heating"", ""Free street parking"", ""Air conditioning"", ""Breakfast"", ""Dishes and silverware"", ""Carbon monoxide alarm"", ""Hot water"", ""Wifi"", ""Smoke alarm"", ""Kitchen"", ""Coffee maker"", ""Refrigerator"", ""Hangers"", ""Shampoo""]",,11,5.0,0,0
1596314,4327300,f,Washington Heights,Manhattan,40.83388,-73.94298,Entire rental unit,Entire home/apt,3,,1.0,"[""Oven"", ""Cooking basics"", ""Microwave"", ""Self check-in"", ""Essentials"", ""Iron"", ""Dishwasher"", ""Stove"", ""Lockbox"", ""Elevator"", ""Heating"", ""TV"", ""Air conditioning"", ""Dishes and silverware"", ""Hot water"", ""Wifi"", ""Smoke alarm"", ""Kitchen"", ""Coffee maker"", ""Refrigerator"", ""Hangers"", ""Shampoo""]",,27,4.74,0,0
13814227,28345063,f,Harlem,Manhattan,40.82799,-73.94935,Entire rental unit,Entire home/apt,2,,1.0,"[""Oven"", ""Dedicated workspace"", ""Cooking basics"", ""Hair dryer"", ""Host greets you"", ""Essentials"", ""Long term stays allowed"", ""Dishwasher"", ""Stove"", ""Heating"", ""Washer"", ""Free street parking"", ""Air conditioning"", ""Exterior security cameras on property"", ""Dishes and silverware"", ""Hot water"", ""Dryer"", ""Smoke alarm"", ""Wifi"", ""Kitchen"", ""Coffee maker"", ""Refrigerator"", ""Hangers"", ""Shampoo""]",,46,4.7,0,0
1294971440473634529,662906806,f,Jamaica,Queens,40.6815235506224,-73.77156003426286,Private room in home,Private room,2,,,"[""Laundromat nearby"", ""Fire extinguisher"", ""First aid kit"", ""Dedicated workspace"", ""Dining table"", ""Coffee"", ""Microwave"", ""Kitchenette"", ""Self check-in"", ""Private living room"", ""Iron"", ""Bed linens"", ""Heating - split type ductless system"", ""Lockbox"", ""Board games"", ""Clothing storage: closet and dresser"", ""TV"", ""Free street parking"", ""Cleaning products"", ""Exterior security cameras on property"", ""Dishes and silverware"", ""Carbon monoxide alarm"", ""Hot water"", ""Wifi"", ""Smoke alarm"", ""Coffee maker: Keurig coffee machine"", ""Private entrance"", ""Lock on bedroom door"", ""Refrigerator"", ""Hangers"", ""AC - split type ductless system""]",,1,5.0,0,0
908634322847816388,16066061,f,Bedford-Stuyvesant,Brooklyn,40.67690562137488,-73.91523024456829,Private room in townhouse,Private room,1,1.0,1.0,"[""Portable fans"", ""Oven"", ""Fire extinguisher"", ""Blender"", ""Luggage dropoff allowed"", ""Dedicated workspace"", ""Dining table"", ""Cooking basics"", ""Coffee"", ""Microwave"", ""Self check-in"", ""Essentials"", ""Iron"", ""Bed linens"", ""Stove"", ""Backyard"", ""Lockbox"", ""Patio or balcony"", ""Bathtub"", ""Heating"", ""Outdoor furniture"", ""Free street parking"", ""Cleaning products"", ""Exterior security cameras on property"", ""Dishes and silverware"", ""Hammock"", ""Carbon monoxide alarm"", ""Hot water"", ""Wifi"", ""Smoke alarm"", ""Hot water kettle"", ""Kitchen"", ""Coffee maker"", ""Outdoor dining area"", ""Refrigerator"", ""Hangers"", ""Shampoo"", ""Freezer""]",$40.00,5,4.6,30,180
21619569,157275347,t,Jamaica,Queens,40.68107,-73.76878,Entire home,Entire home/apt,7,2.0,3.0,"[""Portable fans"", ""Oven"", ""Laundromat nearby"", ""Fire extinguisher"", ""First aid kit"", ""Luggage dropoff allowed"", ""Dedicated workspace"", ""Extra pillows and blankets"", ""Dining table"", ""Cooking basics"", ""Coffee"", ""Keypad"", ""Fire pit"", ""Microwave"", ""Hair dryer"", ""Self check-in"", ""Essentials"", ""Long term stays allowed"", ""Iron"", ""Bed linens"", ""Dove body soap"", ""Dishwasher"", ""Children\u2019s books and toys"", ""Stove"", ""Board games"", ""43 inch HDTV with Roku"", ""Bathtub"", ""Heating"", ""Free street parking"", ""Air conditioning"", ""Exterior security cameras on property"", ""Indoor fireplace: electric"", ""Dishes and silverware"", ""Carbon monoxide alarm"", ""Free parking on premises"", ""Hot water"", ""Wifi"", ""Smoke alarm"", ""Hot water kettle"", ""Kitchen"", ""Private entrance"", ""Coffee maker"", ""Refrigerator"", ""Hangers"", ""Frutis conditioner"", ""Baking sheet"", ""Shampoo"", ""Pack \u2019n play/Travel crib""]",$140.00,287,4.66,26,176
46413969,371972456,f,Financial District,Manhattan,40.70647,-74.00543,Room in hotel,Private room,4,,1.0,"[""Gym"", ""Fire extinguisher"", ""First aid kit"", ""Luggage dropoff allowed"", ""Hair dryer"", ""Self check-in"", ""Essentials"", ""Long term stays allowed"", ""Iron"", ""Body soap"", ""Building staff"", ""Heating"", ""TV"", ""Washer"", ""Air conditioning"", ""Carbon monoxide alarm"", ""Hot water"", ""Dryer"", ""Smoke alarm"", ""Wifi"", ""Conditioner"", ""Hangers"", ""Shampoo""]",,42,4.81,0,0
40009594,3861141,f,Upper West Side,Manhattan,40.79096,-73.96795,Entire rental unit,Entire home/apt,2,1.0,1.0,"[""Portable fans"", ""Oven"", ""Laundromat nearby"", ""Blender"", ""Coffee maker: espresso machine, french press, Nespresso"", ""Extra pillows and blankets"", ""Dining table"", ""Cooking basics"", ""Microwave"", ""Hair dryer"", ""Host greets you"", ""Wine glasses"", ""Essentials"", ""City skyline view"", ""Iron"", ""Long term stays allowed"", ""Bed linens"", ""TV with standard cable"", ""Body soap"", ""Stove"", ""Backyard"", ""Bathtub"", ""Clothing storage: closet, wardrobe, and dresser"", ""Heating"", ""Outdoor furniture"", ""Free street parking"", ""Air conditioning"", ""Shower gel"", ""Toaster"", ""Cleaning products"", ""Dishes and silverware"", ""Carbon monoxide alarm"", ""Hot water"", ""Dryer"", ""Smoke alarm"", ""Wifi"", ""Kitchen"", ""Conditioner"", ""Hot water kettle"", ""Private patio or balcony"", ""Refrigerator"", ""Hangers"", ""Books and reading material"", ""Shampoo""]",$299.00,5,5.0,29,89
3684144,2955491,f,Bushwick,Brooklyn,40.69796,-73.93507,Private room in rental unit,Private room,2,,,"[""Oven"", ""Fire extinguisher"", ""First aid kit"", ""Cooking basics"", ""Hot tub"", ""Microwave"", ""Hair dryer"", ""Essentials"", ""Iron"", ""Heating"", ""TV"", ""Free street parking"", ""Air conditioning"", ""Shower gel"", ""Dishes and silverware"", ""Hot water"", ""Wifi"", ""Kitchen"", ""Refrigerator"", ""Hangers"", ""Shampoo""]",,27,4.78,0,0
1353727482639876329,533234561,f,Harlem,Manhattan,40.81437420286491,-73.94304041482802,Private room in rental unit,Private room,1,0.0,1.0,"[""Oven"", ""Free street parking"", ""Lockbox"", ""Dedicated workspace"", ""Dishes and silverware"", ""Cooking basics"", ""Carbon monoxide alarm"", ""Hot water"", ""Wifi"", ""Smoke alarm"", ""Microwave"", ""Self check-in"", ""Heating""]",$59.00,0,,0,304
6198636,31877774,f,Upper West Side,Manhattan,40.77836,-73.98119,Entire rental unit,Entire home/apt,1,,,"[""Air conditioning"", ""Carbon monoxide alarm"", ""Elevator"", ""Wifi"", ""Smoke alarm"", ""Kitchen"", ""Shampoo"", ""Heating"", ""TV""]",,1,4.0,0,0
34255449,779474,f,Washington Heights,Manhattan,40.8357,-73.94318,Entire rental unit,Entire home/apt,3,1.0,1.0,"[""Oven"", ""Garden view"", ""Babysitter recommendations"", ""Fire extinguisher"", ""Dedicated workspace"", ""Extra pillows and blankets"", ""Dining table"", ""Cooking basics"", ""Microwave"", ""Hair dryer"", ""Self check-in"", ""Wine glasses"", ""Essentials"", ""Long term stays allowed"", ""Iron"", ""Bed linens"", ""Paid parking off premises"", ""Stove"", ""Lockbox"", ""Patio or balcony"", ""Bathtub"", ""Heating"", ""Coffee maker: drip coffee maker, french press"", ""Free street parking"", ""Air conditioning"", ""Shower gel"", ""Toaster"", ""Cleaning products"", ""Exterior security cameras on property"", ""Dishes and silverware"", ""Carbon monoxide alarm"", ""Hot water"", ""Wifi"", ""Smoke alarm"", ""Hot water kettle"", ""Kitchen"", ""Courtyard view"", ""TV with Fire TV"", ""Refrigerator"", ""Hangers"", ""Shampoo"", ""Pack \u2019n play/Travel crib"", ""Freezer""]",$280.00,175,4.86,29,364
36239871,270122518,t,Hell's Kitchen,Manhattan,40.75436,-73.99391,Room in boutique hotel,Private room,2,1.0,1.0,"[""Building staff"", ""Air conditioning"", ""Hangers"", ""Carbon monoxide alarm"", ""Elevator"", ""Self check-in"", ""Hot water"", ""Wifi"", ""Hair dryer"", ""Smoke alarm"", ""Heating"", ""Private entrance"", ""Shampoo"", ""Pets allowed"", ""Essentials"", ""Coffee maker"", ""Iron"", ""TV""]",,24,4.83,6,213
1278970081538305840,22254869,f,Midtown,Manhattan,40.75679,-73.97379,Entire rental unit,Entire home/apt,2,1.0,1.0,"[""Gym"", ""Fire extinguisher"", ""First aid kit"", ""Dedicated workspace"", ""Cooking basics"", ""Hair dryer"", ""Exercise equipment"", ""Essentials"", ""Iron"", ""Heating"", ""Washer"", ""Air conditioning"", ""Carbon monoxide alarm"", ""Hot water"", ""Dryer"", ""Smoke alarm"", ""Wifi"", ""Kitchen"", ""Refrigerator"", ""Indoor fireplace""]",$170.00,0,,30,365
840185619302876324,396362260,f,St. Albans,Queens,40.706737268291775,-73.76153688658604,Entire home,Entire home/apt,1,1.0,1.0,"[""Fire extinguisher"", ""First aid kit"", ""Air conditioning"", ""Refrigerator"", ""Dedicated workspace"", ""Carbon monoxide alarm"", ""Hot water"", ""Wifi"", ""Smoke alarm"", ""Host greets you"", ""Kitchen"", ""Heating"", ""TV""]",$70.00,2,5.0,30,365
8294525,25266527,f,Bensonhurst,Brooklyn,40.62054,-73.99828,Entire rental unit,Entire home/apt,1,,,"[""Air conditioning"", ""Hangers"", ""Carbon monoxide alarm"", ""Free parking on premises"", ""Wifi"", ""Hair dryer"", ""Smoke alarm"", ""Kitchen"", ""Shampoo"", ""Essentials"", ""Iron""]",,6,4.5,0,0
51791648,401709949,f,Bedford-Stuyvesant,Brooklyn,40.69852,-73.93869,Private room in rental unit,Private room,1,2.0,1.0,"[""HDTV"", ""Oven"", ""Fire extinguisher"", ""Clothing storage: closet"", ""Dedicated workspace"", ""Extra pillows and blankets"", ""Cooking basics"", ""Hair dryer"", ""Window AC unit"", ""Essentials"", ""Iron"", ""Bed linens"", ""Body soap"", ""Dishwasher"", ""Stove"", ""Elevator"", ""Paid parking lot off premises"", ""Bathtub"", ""Drying rack for clothing"", ""Central heating"", ""Paid washer \u2013 In building"", ""Toaster"", ""Shower gel"", ""Dishes and silverware"", ""Carbon monoxide alarm"", ""Hot water"", ""Wifi"", ""Smoke alarm"", ""Hot water kettle"", ""Kitchen"", ""Conditioner"", ""Coffee maker: pour-over coffee"", ""Lock on bedroom door"", ""Refrigerator"", ""Hangers"", ""Shampoo"", ""Freezer""]",$46.00,5,4.0,0,73
38541050,225075332,f,Bushwick,Brooklyn,40.69297,-73.92686,Private room in rental unit,Private room,2,,,"[""Lock on bedroom door"", ""Kitchen"", ""Fire extinguisher"", ""Air conditioning"", ""Hangers"", ""Hot water"", ""Wifi"", ""Private entrance"", ""Heating"", ""Shampoo"", ""Smoking allowed"", ""Iron"", ""TV""]",,2,5.0,0,0
1158653996040798180,572829186,f,Midtown,Manhattan,40.752494,-73.983108,Room in hotel,Private room,3,1.0,1.0,"[""Gym"", ""Luggage dropoff allowed"", ""Pets allowed"", ""Hair dryer"", ""Self check-in"", ""Essentials"", ""Iron"", ""Bed linens"", ""Building staff"", ""Heating"", ""TV"", ""Air conditioning"", ""Shower gel"", ""Hot water"", ""Wifi"", ""Smoke alarm"", ""Shampoo"", ""Conditioner"", ""Paid parking on premises"", ""Sauna"", ""Elevator"", ""Room-darkening shades""]",$425.00,0,,30,106
20163793,90463984,f,Richmond Hill,Queens,40.69941,-73.84066,Entire home,Entire home/apt,2,1.0,0.0,"[""Portable fans"", ""Oven"", ""Baking sheet"", ""Laundromat nearby"", ""Blender"", ""Luggage dropoff allowed"", ""Dedicated workspace"", ""Extra pillows and blankets"", ""Dining table"", ""Cooking basics"", ""Microwave"", ""Hair dryer"", ""Host greets you"", ""Wine glasses"", ""Essentials"", ""Long term stays allowed"", ""Iron"", ""Bed linens"", ""TV with standard cable"", ""Body soap"", ""Stove"", ""Bidet"", ""Backyard"", ""Ceiling fan"", ""Patio or balcony"", ""Bathtub"", ""Heating"", ""Drying rack for clothing"", ""Mosquito net"", ""Outdoor furniture"", ""Barbecue utensils"", ""Sun loungers"", ""Free street parking"", ""Toaster"", ""Shower gel"", ""Cleaning products"", ""Dishes and silverware"", ""Carbon monoxide alarm"", ""Free parking on premises"", ""Hot water"", ""Wifi"", ""Smoke alarm"", ""Hot water kettle"", ""Kitchen"", ""Conditioner"", ""Private entrance"", ""Coffee maker"", ""Refrigerator"", ""Hangers"", ""Clothing storage: wardrobe and dresser"", ""Books and reading material"", ""Shampoo"", ""Freezer"", ""Room-darkening shades""]",$76.00,6,4.67,0,289
53415204,351905581,f,Gowanus,Brooklyn,40.68159,-73.98258,Private room,Private room,5,,,"[""Oven"", ""Fire extinguisher"", ""First aid kit"", ""Free washer \u2013 In unit"", ""Blender"", ""Dedicated workspace"", ""Dining table"", ""Cooking basics"", ""Coffee"", ""Microwave"", ""Hair dryer"", ""Window AC unit"", ""Host greets you"", ""Wine glasses"", ""Essentials"", ""Iron"", ""Bed linens"", ""Bidet"", ""Portable heater"", ""Clothing storage: dresser"", ""Coffee maker: espresso machine, french press, pour-over coffee"", ""Elevator"", ""Gas stove"", ""Free street parking"", ""Toaster"", ""Cleaning products"", ""Dishes and silverware"", ""Carbon monoxide alarm"", ""Hot water kettle"", ""Smoke alarm"", ""Kitchen"", ""Conditioner"", ""Lock on bedroom door"", ""Fast wifi \u2013 325 Mbps"", ""Refrigerator"", ""Hangers"", ""Free dryer \u2013 In unit"", ""Baking sheet"", ""Shampoo"", ""Freezer""]",,91,4.92,0,0
17981267,123518076,t,Concourse,Bronx,40.81992,-73.92809,Entire townhouse,Entire home/apt,5,1.0,2.0,"[""Portable fans"", ""Babysitter recommendations"", ""Laundromat nearby"", ""Fire extinguisher"", ""First aid kit"", ""Dedicated workspace"", ""Extra pillows and blankets"", ""Dining table"", ""Coffee"", ""Microwave"", ""Hair dryer"", ""Window AC unit"", ""Host greets you"", ""Wine glasses"", ""Essentials"", ""Long term stays allowed"", ""Iron"", ""Bed linens"", ""Body soap"", ""Portable heater"", ""Board games"", ""Radiant heating"", ""55 inch HDTV with Amazon Prime Video, Apple TV, Disney+, Fire TV, HBO Max, Hulu, Netflix, DVD player"", ""Clothing storage: closet and dresser"", ""Bathtub"", ""Free street parking"", ""Mini fridge"", ""Toaster"", ""Shower gel"", ""Cleaning products"", ""Dishes and silverware"", ""Cleaning available during stay"", ""Carbon monoxide alarm"", ""Hot water"", ""Wifi"", ""Children\u2019s dinnerware"", ""Smoke alarm"", ""Hot water kettle"", ""Conditioner"", ""Paid street parking off premises"", ""Hangers"", ""Coffee maker: drip coffee maker"", ""Books and reading material"", ""Shampoo"", ""Freezer""]",$97.00,115,4.7,11,115
35121319,35491006,f,Harlem,Manhattan,40.83106,-73.94701,Entire rental unit,Entire home/apt,2,,1.0,"[""Carbon monoxide alarm"", ""Wifi"", ""Smoke alarm"", ""Kitchen"", ""Elevator"", ""Essentials"", ""Iron"", ""TV""]",,1,5.0,0,0
9513511,49293611,f,Bronxdale,Bronx,40.85691,-73.8658,Private room in condo,Private room,1,1.0,1.0,"[""Portable fans"", ""Fire extinguisher"", ""Paid dryer \u2013 In building"", ""First aid kit"", ""Luggage dropoff allowed"", ""Dedicated workspace"", ""Extra pillows and blankets"", ""Dining table"", ""Cooking basics"", ""Microwave"", ""Kitchenette"", ""Hair dryer"", ""Essentials"", ""Long term stays allowed"", ""Iron"", ""Bed linens"", ""Body soap"", ""Dishwasher"", ""Clothing storage: closet and dresser"", ""Bathtub"", ""Drying rack for clothing"", ""Central heating"", ""Free street parking"", ""Paid washer \u2013 In building"", ""Toaster"", ""Cleaning products"", ""Dishes and silverware"", ""Cleaning available during stay"", ""Carbon monoxide alarm"", ""Coffee maker: drip coffee maker, espresso machine"", ""Hot water"", ""Wifi"", ""Smoke alarm"", ""Hot water kettle"", ""Refrigerator"", ""Hangers"", ""Elevator"", ""Freezer"", ""Room-darkening shades""]",$67.00,14,4.79,29,364
603613025139199279,2664763,f,Bedford-Stuyvesant,Brooklyn,40.69295,-73.94782,Private room in rental unit,Private room,1,,,"[""Baking sheet"", ""Paid dryer \u2013 In building"", ""Clothing storage: closet"", ""Blender"", ""Dining table"", ""Extra pillows and blankets"", ""Keypad"", ""Cooking basics"", ""Coffee"", ""Microwave"", ""Hair dryer"", ""Exercise equipment"", ""Self check-in"", ""Essentials"", ""City skyline view"", ""42 inch HDTV with Amazon Prime Video, Disney+, HBO Max, Hulu, Netflix"", ""Central air conditioning"", ""Bed linens"", ""Stainless steel oven"", ""Long term stays allowed"", ""Dishwasher"", ""Stainless steel stove"", ""It's in the walls of the apartment Bluetooth sound system"", ""Bathtub"", ""Heating"", ""Shared gym in building"", ""Paid washer \u2013 In building"", ""Toaster"", ""Shower gel"", ""Cleaning products"", ""Dishes and silverware"", ""Carbon monoxide alarm"", ""Hot water"", ""Wifi"", ""Smoke alarm"", ""Kitchen"", ""Lock on bedroom door"", ""Refrigerator"", ""Game console: PS4"", ""Hangers"", ""Coffee maker: drip coffee maker"", ""Books and reading material"", ""Shampoo"", ""Freezer""]",,15,4.93,0,0
13712179,45924792,f,Brooklyn Heights,Brooklyn,40.69149,-73.99409,Entire rental unit,Entire home/apt,2,,1.0,"[""Air conditioning"", ""Breakfast"", ""Wifi"", ""Hair dryer"", ""Kitchen"", ""Shampoo"", ""Essentials"", ""TV""]",,1,5.0,0,0
21621154,4669488,f,Bushwick,Brooklyn,40.69951,-73.92208,Private room in rental unit,Private room,2,,,"[""Lock on bedroom door"", ""Kitchen"", ""TV"", ""Fire extinguisher"", ""First aid kit"", ""Air conditioning"", ""Carbon monoxide alarm"", ""Dryer"", ""Hair dryer"", ""Smoke alarm"", ""Heating"", ""Wifi"", ""Shampoo"", ""Essentials"", ""Iron"", ""Washer""]",,1,5.0,0,0
20588062,147092207,f,Upper West Side,Manhattan,40.77306,-73.98024,Entire rental unit,Entire home/apt,3,,1.0,"[""Oven"", ""Cooking basics"", ""Microwave"", ""Hair dryer"", ""Essentials"", ""Bed linens"", ""Dishwasher"", ""Stove"", ""Bathtub"", ""Heating"", ""TV"", ""Washer"", ""Air conditioning"", ""Dishes and silverware"", ""Carbon monoxide alarm"", ""Hot water"", ""Dryer"", ""Smoke alarm"", ""Wifi"", ""Kitchen"", ""Refrigerator"", ""Hangers"", ""Shampoo""]",,3,4.33,0,0
36142215,41484943,f,Kensington,Brooklyn,40.63674,-73.97494,Private room in rental unit,Private room,2,,,"[""Lock on bedroom door"", ""First aid kit"", ""Air conditioning"", ""Hangers"", ""Carbon monoxide alarm"", ""Wifi"", ""Smoke alarm"", ""Kitchen"", ""Private living room"", ""Essentials"", ""Iron"", ""TV""]",,1,5.0,0,0
853028685326156511,74160866,,Upper East Side,Manhattan,40.77462569327992,-73.95012687295173,Entire rental unit,Entire home/apt,4,1.0,2.0,"[""Baking sheet"", ""Oven"", ""Laundromat nearby"", ""Free washer \u2013 In unit"", ""Clothing storage: closet"", ""Blender"", ""Dedicated workspace"", ""Extra pillows and blankets"", ""Dining table"", ""Cooking basics"", ""Coffee"", ""Keypad"", ""Microwave"", ""60 inch TV with Fire TV, Disney+, Apple TV, Amazon Prime Video, HBO Max, Hulu, Netflix"", ""Hair dryer"", ""Window AC unit"", ""Pets allowed"", ""Self check-in"", ""Wine glasses"", ""Essentials"", ""Long term stays allowed"", ""Iron"", ""Bed linens"", ""Body soap"", ""Dishwasher"", ""Bidet"", ""Board games"", ""Shared gym nearby"", ""Outdoor playground"", ""Drying rack for clothing"", ""Mosquito net"", ""Central heating"", ""Outdoor furniture"", ""Free street parking"", ""Toaster"", ""Shower gel"", ""Cleaning products"", ""Dishes and silverware"", ""Indoor fireplace: electric"", ""Carbon monoxide alarm"", ""Coffee maker: drip coffee maker, Nespresso"", ""Hot water"", ""Wifi"", ""Smoke alarm"", ""Hot water kettle"", ""Kitchen"", ""Conditioner"", ""Blomberg stainless steel electric stove"", ""Refrigerator"", ""Housekeeping - available at extra cost"", ""Shared backyard \u2013 Fully fenced"", ""Paid street parking off premises"", ""Exercise equipment: free weights, yoga mat"", ""Hangers"", ""Free dryer \u2013 In unit"", ""Books and reading material"", ""Arcade games"", ""Shampoo"", ""Pack \u2019n play/Travel crib - always at the listing"", ""Freezer"", ""Room-darkening shades""]",$151.00,3,5.0,29,109
1295753453690983324,663491065,f,Chinatown,Manhattan,40.71825,-74.0012136,Room in hotel,Private room,2,1.0,1.0,"[""Gym"", ""Luggage dropoff allowed"", ""Dedicated workspace"", ""Hair dryer"", ""Self check-in"", ""Essentials"", ""Iron"", ""Bed linens"", ""Building staff"", ""Heating"", ""TV"", ""Mini fridge"", ""Air conditioning"", ""Shower gel"", ""Hot water"", ""Wifi"", ""Private entrance"", ""Shampoo"", ""Conditioner"", ""Coffee maker"", ""Elevator"", ""Room-darkening shades""]",$212.00,2,5.0,21,52
16100652,88191,f,Carroll Gardens,Brooklyn,40.67878,-73.9977,Entire rental unit,Entire home/apt,4,,2.0,"[""Kitchen"", ""Air conditioning"", ""Dryer"", ""Hair dryer"", ""Wifi"", ""Heating"", ""Private entrance"", ""Essentials"", ""Iron"", ""Washer""]",,2,4.5,0,0
925688828901710134,128625567,f,Carroll Gardens,Brooklyn,40.68163548295244,-74.0008186767212,Private room in rental unit,Private room,2,,,"[""Cooking basics"", ""Pets allowed"", ""Hair dryer"", ""Essentials"", ""Bed linens"", ""Radiant heating"", ""TV"", ""Washer"", ""Air conditioning"", ""Shower gel"", ""Breakfast"", ""Cleaning products"", ""Dishes and silverware"", ""Carbon monoxide alarm"", ""Hot water"", ""Wifi"", ""Smoke alarm"", ""Kitchen"", ""Conditioner"", ""Coffee maker"", ""Refrigerator"", ""Hangers"", ""Free dryer \u2013 In unit"", ""Shampoo""]",,22,5.0,0,0
5113910,10125456,t,Red Hook,Brooklyn,40.67507,-74.01209,Entire rental unit,Entire home/apt,2,1.0,1.0,"[""Fire extinguisher"", ""Portable air conditioning"", ""Luggage dropoff allowed"", ""Single level home"", ""Dedicated workspace"", ""Extra pillows and blankets"", ""Cooking basics"", ""Microwave"", ""Pets allowed"", ""Hair dryer"", ""Self check-in"", ""Essentials"", ""Long term stays allowed"", ""Iron"", ""Bed linens"", ""Children\u2019s books and toys"", ""BBQ grill"", ""Heating"", ""Washer"", ""70 inch HDTV with Apple TV, HBO Max, Hulu, Netflix, Amazon Prime Video"", ""Barbecue utensils"", ""Free street parking"", ""Shower gel"", ""Dishes and silverware"", ""Carbon monoxide alarm"", ""Hot water"", ""Dryer"", ""Smoke alarm"", ""Wifi"", ""Private entrance"", ""Coffee maker"", ""Refrigerator"", ""Shared backyard \u2013 Fully fenced"", ""Hangers"", ""Shampoo"", ""Smart lock"", ""Pack \u2019n play/Travel crib""]",$143.00,98,4.77,29,179
9415026,14995329,f,Kips Bay,Manhattan,40.7435,-73.97907,Private room in rental unit,Private room,2,,1.0,"[""TV with standard cable"", ""Dryer"", ""Hair dryer"", ""Wifi"", ""Kitchen"", ""Elevator"", ""Essentials"", ""Heating"", ""Washer""]",,0,,0,0
20815250,12099193,f,Greenpoint,Brooklyn,40.73729,-73.95586,Entire rental unit,Entire home/apt,2,,2.0,"[""Fire extinguisher"", ""First aid kit"", ""Hair dryer"", ""Host greets you"", ""Essentials"", ""Iron"", ""TV with standard cable"", ""Heating"", ""Free street parking"", ""Air conditioning"", ""Breakfast"", ""Carbon monoxide alarm"", ""Free parking on premises"", ""Hot water"", ""Wifi"", ""Smoke alarm"", ""Kitchen"", ""Hangers"", ""Shampoo""]",,0,,0,0
54247180,1978940,f,Williamsburg,Brooklyn,40.70871,-73.93903,Private room in casa particular,Private room,2,1.0,1.0,"[""Laundromat nearby"", ""Fire extinguisher"", ""Paid dryer \u2013 In building"", ""First aid kit"", ""Luggage dropoff allowed"", ""Fast wifi \u2013 224 Mbps"", ""Hair dryer"", ""Wine glasses"", ""Essentials"", ""Iron"", ""Bed linens"", ""Bidet"", ""Electric stove"", ""Portable heater"", ""Room-darkening shades"", ""Outdoor furniture"", ""Central heating"", ""Free street parking"", ""Paid washer \u2013 In building"", ""Mini fridge"", ""Toaster"", ""Shower gel"", ""Carbon monoxide alarm"", ""Exercise equipment: free weights, stationary bike, yoga mat"", ""Smoke alarm"", ""Lock on bedroom door"", ""Refrigerator"", ""Safe"", ""Shared backyard \u2013 Fully fenced"", ""Hangers"", ""AC - split type ductless system"", ""Shampoo"", ""TV with Hulu, Netflix, Disney+, Apple TV, Amazon Prime Video""]",$143.00,48,4.9,29,179
44035515,72110232,f,Harlem,Manhattan,40.83059,-73.94173,Entire condo,Entire home/apt,5,1.0,3.0,"[""Baking sheet"", ""Oven"", ""Garden view"", ""Babysitter recommendations"", ""Rice maker"", ""Fire extinguisher"", ""Paid dryer \u2013 In building"", ""First aid kit"", ""Laundromat nearby"", ""Blender"", ""Luggage dropoff allowed"", ""Dedicated workspace"", ""Extra pillows and blankets"", ""Dining table"", ""Cooking basics"", ""Coffee"", ""Crib"", ""Hair dryer"", ""Window AC unit"", ""Self check-in"", ""Wine glasses"", ""Essentials"", ""Long term stays allowed"", ""Iron"", ""Bed linens"", ""Body soap"", ""Dishwasher"", ""Children\u2019s books and toys"", ""Stove"", ""Board games"", ""Elevator"", ""HDTV with Roku, Disney+, Netflix, Amazon Prime Video"", ""Heating"", ""Free street parking"", ""Paid washer \u2013 In building"", ""Toaster"", ""Shower gel"", ""Cleaning products"", ""Clothing storage"", ""Dishes and silverware"", ""Cleaning available during stay"", ""Carbon monoxide alarm"", ""Free parking on premises"", ""Hot water"", ""Wifi"", ""Smoke alarm"", ""Hot water kettle"", ""Kitchen"", ""Conditioner"", ""Private entrance"", ""Coffee maker"", ""Paid parking garage off premises"", ""Refrigerator"", ""Shared backyard \u2013 Fully fenced"", ""Hangers"", ""Piano"", ""Books and reading material"", ""Shampoo"", ""Smart lock"", ""Freezer"", ""Park view"", ""Room-darkening shades""]",$200.00,2,5.0,0,31
995132747994090209,93868163,f,Flatlands,Brooklyn,40.61987429989976,-73.93944685195812,Entire rental unit,Entire home/apt,5,1.0,2.0,"[""Air conditioning"", ""Dedicated workspace"", ""Carbon monoxide alarm"", ""Free parking on premises"", ""Wifi"", ""Smoke alarm"", ""Kitchen"", ""TV""]",$124.00,0,,29,269
33826205,57920236,f,Bedford-Stuyvesant,Brooklyn,40.68411,-73.95498,Entire rental unit,Entire home/apt,5,1.0,2.0,"[""Bed linens"", ""Kitchen"", ""TV"", ""Air conditioning"", ""Breakfast"", ""Dishes and silverware"", ""Extra pillows and blankets"", ""Hangers"", ""Pets allowed"", ""Dryer"", ""Smoke alarm"", ""Wifi"", ""Heating"", ""Private entrance"", ""Shampoo"", ""Essentials"", ""Iron"", ""Washer""]",$347.00,4,5.0,0,335
13094250,72701423,f,Carroll Gardens,Brooklyn,40.67796,-73.99587,Private room in home,Private room,2,,,"[""Lock on bedroom door"", ""Air conditioning"", ""Hangers"", ""Wifi"", ""Kitchen"", ""Essentials"", ""Heating""]",,5,4.8,0,0
1333396514105774911,371939556,f,Crown Heights,Brooklyn,40.66476,-73.92941,Entire rental unit,Entire home/apt,4,1.0,3.0,"[""Bed linens"", ""Kitchen"", ""Laundromat nearby"", ""First aid kit"", ""Air conditioning"", ""Clothing storage"", ""Extra pillows and blankets"", ""Hangers"", ""Carbon monoxide alarm"", ""Free parking on premises"", ""Pets allowed"", ""Wifi"", ""Smoke alarm"", ""Heating"", ""Essentials"", ""Iron"", ""TV""]",$280.00,1,1.0,29,89
2028677,9852787,f,Harlem,Manhattan,40.81465,-73.94104,Entire rental unit,Entire home/apt,3,1.0,1.0,"[""Baking sheet"", ""Garden view"", ""Laundromat nearby"", ""Fire extinguisher"", ""First aid kit"", ""Luggage dropoff allowed"", ""Single level home"", ""Dedicated workspace"", ""Children\u2019s books and toys for ages 0-2 years old, 2-5 years old, and 5-10 years old"", ""Dining table"", ""Cooking basics"", ""Coffee"", ""Hair dryer"", ""Window AC unit"", ""Host greets you"", ""Wine glasses"", ""Essentials"", ""Long term stays allowed"", ""Iron"", ""Bed linens"", ""Window guards"", ""Whirpool oven"", ""Ethernet connection"", ""Board games"", ""Shared gym nearby"", ""Radiant heating"", ""Bathtub"", ""32 inch HDTV with Amazon Prime Video, Hulu, Netflix, Roku"", ""Drying rack for clothing"", ""GE refrigerator"", ""Free street parking"", ""Dr. Teals body soap"", ""Shower gel"", ""Cleaning products"", ""Exterior security cameras on property"", ""Dishes and silverware"", ""Cleaning available during stay"", ""Suave shampoo"", ""Carbon monoxide alarm"", ""Hot water"", ""Wifi"", ""Smoke alarm"", ""Hot water kettle"", ""Kitchen"", ""Paid parking garage off premises"", ""Hangers"", ""Record player"", ""Clothing storage: wardrobe"", ""Exercise equipment: free weights"", ""Coffee maker: drip coffee maker"", ""GE electric stove"", ""Books and reading material"", ""Suave conditioner""]",$115.00,60,4.47,29,364
1147859866270196088,562233935,t,Upper West Side,Manhattan,40.8024986,-73.9668444,Private room in rental unit,Private room,2,2.0,1.0,"[""Outdoor dining area"", ""Carbon monoxide alarm"", ""Washer"", ""Wifi"", ""Smoke alarm"", ""Kitchen"", ""Exercise equipment"", ""TV""]",$62.00,0,,0,164
25669472,121851703,t,Queens Village,Queens,40.72183,-73.73607,Entire rental unit,Entire home/apt,2,1.0,1.0,"[""Laundromat nearby"", ""Fire extinguisher"", ""First aid kit"", ""Luggage dropoff allowed"", ""Dedicated workspace"", ""Extra pillows and blankets"", ""Dining table"", ""Cooking basics"", ""Microwave"", ""Hair dryer"", ""Self check-in"", ""Essentials"", ""Central air conditioning"", ""Iron"", ""Long term stays allowed"", ""Bed linens"", ""Body soap"", ""Paid washer \u2013 In unit"", ""Bidet"", ""Portable heater"", ""Backyard"", ""Clothing storage: closet and dresser"", ""Fast wifi \u2013 471 Mbps"", ""Paid pack \u2019n play/travel crib - available upon request"", ""Central heating"", ""Free street parking"", ""Toaster"", ""Shower gel"", ""Cleaning products"", ""Exterior security cameras on property"", ""Dishes and silverware"", ""Cleaning available during stay"", ""Carbon monoxide alarm"", ""Hot water"", ""Private entrance"", ""Smoke alarm"", ""Kitchen"", ""Conditioner"", ""Coffee maker"", ""Paid dryer \u2013 In unit"", ""Refrigerator"", ""Hangers"", ""GE stainless steel single oven"", ""60 inch HDTV with Amazon Prime Video, Apple TV, Disney+, HBO Max, Hulu, Netflix"", ""GE electric stove"", ""Baking sheet"", ""Shampoo"", ""Smart lock"", ""Freezer"", ""Room-darkening shades""]",$99.00,72,4.83,2,337
10513228,853118,t,Bushwick,Brooklyn,40.69891,-73.93162,Private room in rental unit,Private room,2,,,"[""Oven"", ""Fire extinguisher"", ""Paid dryer \u2013 In building"", ""Blender"", ""Single level home"", ""Luggage dropoff allowed"", ""Dedicated workspace"", ""Extra pillows and blankets"", ""Dining table"", ""Cooking basics"", ""Coffee"", ""Microwave"", ""Pets allowed"", ""Window AC unit"", ""Essentials"", ""Long term stays allowed"", ""Bed linens"", ""Dishwasher"", ""Stove"", ""Board games"", ""Airplay Bluetooth sound system"", ""Elevator"", ""Bathtub"", ""Heating"", ""Free street parking"", ""Paid washer \u2013 In building"", ""50 inch HDTV with Amazon Prime Video, Apple TV, Disney+, HBO Max, Hulu, Netflix"", ""Toaster"", ""Cleaning products"", ""Dishes and silverware"", ""Carbon monoxide alarm"", ""Hot water"", ""Wifi"", ""Smoke alarm"", ""Hot water kettle"", ""Kitchen"", ""Conditioner"", ""Lock on bedroom door"", ""Private patio or balcony"", ""Refrigerator"", ""Hangers"", ""Exercise equipment: free weights"", ""Coffee maker: drip coffee maker"", ""Baking sheet"", ""Shampoo"", ""Freezer"", ""Room-darkening shades""]",,30,4.93,0,0
720488795152405211,480328832,f,Greenpoint,Brooklyn,40.7311839,-73.95796159999999,Private room in condo,Private room,2,1.0,1.0,"[""Portable fans"", ""Oven"", ""Baking sheet"", ""Laundromat nearby"", ""Fire extinguisher"", ""First aid kit"", ""Luggage dropoff allowed"", ""Dedicated workspace"", ""Extra pillows and blankets"", ""Dining table"", ""Cooking basics"", ""Coffee"", ""Microwave"", ""Host greets you"", ""Wine glasses"", ""Essentials"", ""City skyline view"", ""Iron"", ""Long term stays allowed"", ""Bed linens"", ""Dove body soap"", ""Dishwasher"", ""Portable heater"", ""Radiant heating"", ""Bathtub"", ""Gas stove"", ""River view"", ""Shower gel"", ""Coffee maker: french press"", ""Cleaning products"", ""Dishes and silverware"", ""Suave shampoo"", ""Carbon monoxide alarm"", ""Freezer"", ""Hot water"", ""Wifi"", ""Smoke alarm"", ""Hot water kettle"", ""Kitchen"", ""Refrigerator"", ""Waterfront"", ""Hangers"", ""Clothing storage: wardrobe and dresser"", ""Books and reading material"", ""Suave conditioner"", ""Room-darkening shades""]",$160.00,17,4.59,30,180
34705719,25182524,f,Harlem,Manhattan,40.80738,-73.95542,Private room in rental unit,Private room,2,1.0,1.0,"[""Oven"", ""Laundromat nearby"", ""Clothing storage: closet"", ""Blender"", ""Luggage dropoff allowed"", ""Dedicated workspace"", ""Extra pillows and blankets"", ""Dining table"", ""Cooking basics"", ""Coffee"", ""Microwave"", ""Hair dryer"", ""Self check-in"", ""Wine glasses"", ""Private living room"", ""Essentials"", ""Long term stays allowed"", ""Iron"", ""Bed linens"", ""Body soap"", ""Dishwasher"", ""Stove"", ""Lockbox"", ""Bathtub"", ""Heating"", ""TV"", ""Free street parking"", ""Air conditioning"", ""Cleaning products"", ""Dishes and silverware"", ""Carbon monoxide alarm"", ""Hot water"", ""Wifi"", ""Smoke alarm"", ""Hot water kettle"", ""Kitchen"", ""Coffee maker"", ""Refrigerator"", ""Hangers"", ""Baking sheet"", ""Shampoo"", ""Freezer"", ""Room-darkening shades""]",$93.00,285,4.76,3,282
1226985080764794321,560840755,t,Bushwick,Brooklyn,40.69219890875979,-73.918614144113,Entire rental unit,Entire home/apt,16,3.0,6.0,"[""Oven"", ""Laundromat nearby"", ""Fire extinguisher"", ""First aid kit"", ""Blender"", ""Luggage dropoff allowed"", ""Dedicated workspace"", ""Extra pillows and blankets"", ""Crib - available upon request"", ""Noise decibel monitors on property"", ""Cooking basics"", ""Dining table"", ""Microwave"", ""Pets allowed"", ""Hair dryer"", ""Self check-in"", ""Wine glasses"", ""Essentials"", ""Long term stays allowed"", ""Iron"", ""Bed linens"", ""Stove"", ""Lockbox"", ""Bathtub"", ""Folding or convertible high chair - available upon request"", ""Heating"", ""TV"", ""Free street parking"", ""Air conditioning"", ""Shower gel"", ""Toaster"", ""Cleaning products"", ""Clothing storage"", ""Exterior security cameras on property"", ""Dishes and silverware"", ""Carbon monoxide alarm"", ""Hot water"", ""Wifi"", ""Smoke alarm"", ""Hot water kettle"", ""Kitchen"", ""Conditioner"", ""Private entrance"", ""Refrigerator"", ""Hangers"", ""Record player"", ""Coffee maker: drip coffee maker"", ""Baking sheet"", ""Arcade games"", ""Shampoo"", ""Freezer""]",$364.00,6,5.0,23,298
49441284,1211119,f,Ridgewood,Queens,40.70690180599711,-73.91013293689059,Private room in rental unit,Private room,2,1.0,1.0,"[""Fire extinguisher"", ""First aid kit"", ""Dedicated workspace"", ""Cooking basics"", ""Hair dryer"", ""Host greets you"", ""Exercise equipment"", ""City skyline view"", ""Essentials"", ""Iron"", ""Heating"", ""Air conditioning"", ""Breakfast"", ""Carbon monoxide alarm"", ""Free parking on premises"", ""Wifi"", ""Smoke alarm"", ""Private entrance"", ""Kitchen"", ""Lock on bedroom door"", ""Hangers"", ""Piano""]",$71.00,0,,29,179
9297960,10646374,f,Williamsburg,Brooklyn,40.7063,-73.94886,Private room in loft,Private room,2,,1.0,"[""Air conditioning"", ""Hangers"", ""Free parking on premises"", ""Elevator"", ""Dryer"", ""Hair dryer"", ""Wifi"", ""Kitchen"", ""Shampoo"", ""Essentials"", ""Heating"", ""Washer""]",,0,,0,0
51622736,51501835,f,Chinatown,Manhattan,40.71854,-73.99587,Entire rental unit,Entire home/apt,2,1.0,0.0,"[""Bed linens"", ""Kitchen"", ""Paid dryer \u2013 In building"", ""Paid washer \u2013 In building"", ""Air conditioning"", ""Exterior security cameras on property"", ""Dedicated workspace"", ""Hangers"", ""Carbon monoxide alarm"", ""Hot water"", ""Wifi"", ""Smoke alarm"", ""Pets allowed"", ""Heating"", ""Elevator"", ""Essentials"", ""Iron"", ""TV""]",$125.00,4,4.25,0,276
29168569,26377263,t,East Flatbush,Brooklyn,40.65374,-73.93608,Private room in rental unit,Private room,2,1.0,1.0,"[""Laundromat nearby"", ""Free washer \u2013 In unit"", ""Dedicated workspace"", ""Dining table"", ""Cooking basics"", ""Microwave"", ""Self check-in"", ""Private living room"", ""Essentials"", ""Central air conditioning"", ""Iron"", ""Long term stays allowed"", ""Bed linens"", ""Stainless steel oven"", ""Dishwasher"", ""HDTV with standard cable"", ""Stainless steel stove"", ""Clothing storage: closet and dresser"", ""Bathtub"", ""Free driveway parking on premises"", ""Central heating"", ""Free street parking"", ""Toaster"", ""Cleaning products"", ""Exterior security cameras on property"", ""Dishes and silverware"", ""Carbon monoxide alarm"", ""Hot water"", ""Wifi"", ""Smoke alarm"", ""Kitchen"", ""Lock on bedroom door"", ""Refrigerator"", ""Hangers"", ""Free dryer \u2013 In unit"", ""Smart lock"", ""Freezer""]",$55.00,7,5.0,11,346
21950963,50414933,f,Hell's Kitchen,Manhattan,40.76462,-73.98751,Entire rental unit,Entire home/apt,4,1.0,1.0,"[""Oven"", ""Fire extinguisher"", ""Blender"", ""Dedicated workspace"", ""Extra pillows and blankets"", ""Dining table"", ""Cooking basics"", ""Coffee"", ""Hot tub"", ""Microwave"", ""Hair dryer"", ""Wine glasses"", ""Essentials"", ""City skyline view"", ""Central air conditioning"", ""Iron"", ""Bed linens"", ""TV with standard cable"", ""Body soap"", ""Dishwasher"", ""Stove"", ""Elevator"", ""Patio or balcony"", ""Bathtub"", ""Heating"", ""Drying rack for clothing"", ""Washer"", ""Toaster"", ""Shower gel"", ""Cleaning products"", ""Dishes and silverware"", ""Dryer"", ""Wifi"", ""Kitchen"", ""Coffee maker"", ""Refrigerator"", ""Hangers"", ""Shampoo"", ""Freezer""]",$296.00,23,5.0,0,31
49709501,95552798,f,Williamsburg,Brooklyn,40.71438,-73.96614,Entire rental unit,Entire home/apt,2,,,"[""First aid kit"", ""Blender"", ""Dedicated workspace"", ""Extra pillows and blankets"", ""Microwave"", ""Hair dryer"", ""Wine glasses"", ""Essentials"", ""City skyline view"", ""Iron"", ""Bed linens"", ""Body soap"", ""Dishwasher"", ""Clothing storage: dresser"", ""Italia  gas stove"", ""Elevator"", ""Bathtub"", ""River view"", ""Heating"", ""Washer"", ""Bosh refrigerator"", ""Air conditioning"", ""Shower gel"", ""Coffee maker: french press"", ""Cleaning products"", ""Dishes and silverware"", ""Toaster"", ""Carbon monoxide alarm"", ""Free parking on premises"", ""Hot water"", ""Dryer"", ""Smoke alarm"", ""Wifi"", ""Kitchen"", ""Hot water kettle"", ""Waterfront"", ""Hangers"", ""Shampoo"", ""Freezer""]",,3,4.67,0,0
5718494,11559667,f,Lower East Side,Manhattan,40.72038,-73.99154,Entire rental unit,Entire home/apt,2,,1.0,"[""Fire extinguisher"", ""First aid kit"", ""Air conditioning"", ""Wifi"", ""Hair dryer"", ""Kitchen"", ""Shampoo"", ""Essentials"", ""Heating""]",,1,5.0,0,0
9274309,36510847,f,Bedford-Stuyvesant,Brooklyn,40.6853,-73.95618,Entire condo,Entire home/apt,3,,1.0,"[""Oven"", ""Dedicated workspace"", ""Extra pillows and blankets"", ""Keypad"", ""Cooking basics"", ""Microwave"", ""Pets allowed"", ""Hair dryer"", ""Self check-in"", ""Essentials"", ""Iron"", ""Bed linens"", ""Dishwasher"", ""Stove"", ""Elevator"", ""Bathtub"", ""Heating"", ""TV"", ""Washer"", ""Outdoor furniture"", ""Free street parking"", ""Air conditioning"", ""Dishes and silverware"", ""Carbon monoxide alarm"", ""Hot water"", ""Dryer"", ""Smoke alarm"", ""Wifi"", ""Kitchen"", ""Private entrance"", ""Coffee maker"", ""Private patio or balcony"", ""Refrigerator"", ""Hangers"", ""Shampoo""]",,33,4.88,0,0
43452122,45774825,f,Nolita,Manhattan,40.72158,-73.99429,Entire rental unit,Entire home/apt,2,,1.0,"[""Kitchen"", ""TV"", ""Air conditioning"", ""Hangers"", ""Carbon monoxide alarm"", ""Hot water"", ""Dryer"", ""Hair dryer"", ""Smoke alarm"", ""Heating"", ""Wifi"", ""Shampoo"", ""Pets allowed"", ""Essentials"", ""Iron"", ""Washer""]",,1,5.0,0,0
24140198,85506502,f,Nolita,Manhattan,40.72245,-73.99505,Entire rental unit,Entire home/apt,2,,1.0,"[""Portable fans"", ""Oven"", ""Laundromat nearby"", ""Paid dryer \u2013 In building"", ""Dedicated workspace"", ""Extra pillows and blankets"", ""Cooking basics"", ""Microwave"", ""Hair dryer"", ""Self check-in"", ""Essentials"", ""Long term stays allowed"", ""Iron"", ""Bed linens"", ""Dishwasher"", ""Stove"", ""Ethernet connection"", ""Lockbox"", ""Elevator"", ""Clothing storage: closet and dresser"", ""Bathtub"", ""Heating"", ""Paid washer \u2013 In building"", ""Air conditioning"", ""Cleaning products"", ""Dishes and silverware"", ""Hot water"", ""Wifi"", ""Smoke alarm"", ""Hot water kettle"", ""HDTV with Roku"", ""Kitchen"", ""Coffee maker: pour-over coffee"", ""Refrigerator"", ""Hangers"", ""Sound system with aux"", ""Baking sheet"", ""Shampoo"", ""Freezer"", ""Room-darkening shades""]",,4,5.0,0,0
13493430,3341869,f,Kensington,Brooklyn,40.64224,-73.97549,Entire rental unit,Entire home/apt,4,,2.0,"[""Kitchen"", ""TV"", ""Air conditioning"", ""Hangers"", ""Dryer"", ""Smoke alarm"", ""Wifi"", ""Heating"", ""Elevator"", ""Essentials"", ""Iron"", ""Washer""]",,1,5.0,0,0
52823346,26408085,f,Ridgewood,Queens,40.71012,-73.91519,Private room in townhouse,Private room,2,,1.0,"[""First aid kit"", ""Air conditioning"", ""Exterior security cameras on property"", ""Pets allowed"", ""Wifi"", ""Kitchen"", ""TV""]",,0,,0,0
1142821407662262251,572508219,f,Murray Hill,Manhattan,40.74699421774983,-73.97704159002582,Entire rental unit,Entire home/apt,3,1.0,1.0,"[""Bed linens"", ""Central heating"", ""Air conditioning"", ""Hangers"", ""Carbon monoxide alarm"", ""Hot water"", ""Wifi"", ""Hair dryer"", ""Smoke alarm"", ""Kitchen"", ""Pets allowed"", ""Iron"", ""TV""]",$149.00,0,,21,147
878314281406257686,80561485,f,Financial District,Manhattan,40.705658694961755,-74.00990057822345,Private room in rental unit,Private room,1,,,"[""Air conditioning"", ""Dedicated workspace"", ""Wifi"", ""Pool table"", ""Smoke alarm"", ""Kitchen"", ""Washer""]",,1,5.0,0,0
1132610485988991075,571615601,f,Financial District,Manhattan,40.70947,-74.01394,Room in hotel,Private room,2,,1.0,"[""Gym"", ""Luggage dropoff allowed"", ""Dedicated workspace"", ""Coffee"", ""Pets allowed"", ""Hair dryer"", ""Self check-in"", ""Essentials"", ""Bed linens"", ""Building staff"", ""Heating"", ""TV"", ""Air conditioning"", ""Shower gel"", ""Hot water"", ""Wifi"", ""Coffee maker: Keurig coffee machine"", ""Shampoo"", ""Conditioner"", ""Elevator"", ""Room-darkening shades""]",,0,,0,0
1215192926699068019,4322464,f,Bedford-Stuyvesant,Brooklyn,40.68511549999999,-73.9456762,Private room in rental unit,Private room,2,2.5,2.0,"[""Fire extinguisher"", ""First aid kit"", ""Outdoor dining area"", ""Air conditioning"", ""Lockbox"", ""Exterior security cameras on property"", ""Dedicated workspace"", ""Noise decibel monitors on property"", ""Washer"", ""Carbon monoxide alarm"", ""Fire pit"", ""BBQ grill"", ""Wifi"", ""Smoke alarm"", ""Kitchen"", ""Exercise equipment"", ""Self check-in"", ""TV""]",$252.00,0,,27,362
9612938,49736436,f,Washington Heights,Manhattan,40.8338,-73.93842,Entire rental unit,Entire home/apt,3,1.0,1.0,"[""Rice maker"", ""Fire extinguisher"", ""Laundromat nearby"", ""First aid kit"", ""Luggage dropoff allowed"", ""Dedicated workspace"", ""Extra pillows and blankets"", ""Dining table"", ""Cooking basics"", ""Coffee"", ""Microwave"", ""Pets allowed"", ""Hair dryer"", ""Host greets you"", ""Wine glasses"", ""Essentials"", ""Long term stays allowed"", ""Iron"", ""Bed linens"", ""Stove"", ""Ethernet connection"", ""Backyard"", ""Heating"", ""TV"", ""Free street parking"", ""Air conditioning"", ""Clothing storage"", ""Dishes and silverware"", ""Carbon monoxide alarm"", ""Hot water"", ""Wifi"", ""Smoke alarm"", ""Hot water kettle"", ""Kitchen"", ""Private entrance"", ""Pocket wifi"", ""Coffee maker"", ""Refrigerator"", ""Hangers"", ""Baking sheet"", ""Shampoo"", ""Freezer"", ""Room-darkening shades""]",$100.00,40,4.85,16,136
11728836,10620222,f,Astoria,Queens,40.76778,-73.92043,Entire rental unit,Entire home/apt,4,,1.0,"[""Kitchen"", ""Hangers"", ""Elevator"", ""Wifi"", ""Heating"", ""Shampoo"", ""Essentials"", ""Iron"", ""TV""]",,1,5.0,0,0
52444890,329475936,f,Rosedale,Queens,40.66185,-73.73826,Entire home,Entire home/apt,2,,2.0,"[""Portable fans"", ""Oven"", ""Babysitter recommendations"", ""Laundromat nearby"", ""Fire extinguisher"", ""Dedicated workspace"", ""Cooking basics"", ""Microwave"", ""Essentials"", ""Long term stays allowed"", ""Bed linens"", ""Backyard"", ""Ceiling fan"", ""Bathtub"", ""Gas stove"", ""Heating"", ""Free street parking"", ""Cleaning products"", ""Dishes and silverware"", ""Carbon monoxide alarm"", ""Hot water"", ""42 inch HDTV with Hulu, Netflix, Roku, Disney+, Amazon Prime Video"", ""Smoke alarm"", ""Wifi"", ""Kitchen"", ""Hot water kettle"", ""Private entrance"", ""Refrigerator"", ""Hangers"", ""Pack \u2019n play/Travel crib"", ""Freezer"", ""Room-darkening shades""]",,20,4.9,27,87
1353112820561322179,5816670,f,Rosebank,Staten Island,40.61386,-74.07365,Private room in home,Private room,1,1.0,1.0,"[""Fire extinguisher"", ""Coffee maker: espresso machine, Nespresso"", ""First aid kit"", ""Dedicated workspace"", ""Coffee"", ""Microwave"", ""Private BBQ grill: charcoal"", ""Self check-in"", ""Private living room"", ""Long term stays allowed"", ""Iron"", ""Private backyard \u2013 Fully fenced"", ""Body soap"", ""Portable heater"", ""TV"", ""Washer"", ""Central heating"", ""Barbecue utensils"", ""Free street parking"", ""Mini fridge"", ""Air conditioning"", ""Shower gel"", ""Exterior security cameras on property"", ""Carbon monoxide alarm"", ""Hot water"", ""Wifi"", ""Smoke alarm"", ""Private entrance"", ""EV charger - level 2, tesla only"", ""Conditioner"", ""Paid dryer \u2013 In unit"", ""Lock on bedroom door"", ""Private pool"", ""Hangers"", ""Shampoo"", ""Smart lock"", ""Freezer""]",$38.00,0,,7,331
688602835794547518,473877264,t,Bushwick,Brooklyn,40.69461,-73.91178,Entire rental unit,Entire home/apt,2,2.0,2.0,"[""Laundromat nearby"", ""Fire extinguisher"", ""Blender"", ""Luggage dropoff allowed"", ""Dedicated workspace"", ""Dining table"", ""Keypad"", ""Cooking basics"", ""Coffee"", ""Hot tub"", ""Microwave"", ""Hair dryer"", ""Self check-in"", ""Wine glasses"", ""Essentials"", ""Long term stays allowed"", ""Iron"", ""Bed linens"", ""Stainless steel oven"", ""Dishwasher"", ""Stainless steel stove"", ""Clothing storage: closet and dresser"", ""Bathtub"", ""TV"", ""Central heating"", ""Free street parking"", ""Air conditioning"", ""Shower gel"", ""Toaster"", ""Cleaning products"", ""Dishes and silverware"", ""Carbon monoxide alarm"", ""Coffee maker: espresso machine, french press"", ""Hot water"", ""Wifi"", ""Smoke alarm"", ""Hot water kettle"", ""Kitchen"", ""Private entrance"", ""Private patio or balcony"", ""Refrigerator"", ""Hangers"", ""Books and reading material"", ""Shampoo"", ""Freezer"", ""Room-darkening shades""]",$130.00,39,4.97,0,61
762426,3799199,t,Upper West Side,Manhattan,40.7988,-73.96113,Private room in rental unit,Private room,2,2.0,1.0,"[""Baking sheet"", ""Oven"", ""Rice maker"", ""Fire extinguisher"", ""Portable air conditioning"", ""First aid kit"", ""Luggage dropoff allowed"", ""Dedicated workspace"", ""Extra pillows and blankets"", ""Cooking basics"", ""Coffee"", ""Microwave"", ""Hair dryer"", ""Exercise equipment: stationary bike"", ""Wine glasses"", ""Essentials"", ""City skyline view"", ""Iron"", ""Long term stays allowed"", ""Bed linens"", ""Body soap"", ""Dishwasher"", ""Stove"", ""Window guards"", ""Ethernet connection"", ""Ceiling fan"", ""32 inch HDTV with HBO Max, Apple TV, Amazon Prime Video, Netflix"", ""Elevator"", ""Clothing storage: closet and dresser"", ""Bathtub"", ""Drying rack for clothing"", ""Central heating"", ""Free street parking"", ""Paid washer \u2013 In building"", ""Coffee maker: drip coffee maker, espresso machine, french press, pour-over coffee"", ""Toaster"", ""Shower gel"", ""Breakfast"", ""Cleaning products"", ""Dishes and silverware"", ""Carbon monoxide alarm"", ""Free parking on premises"", ""Hot water"", ""Wifi"", ""Smoke alarm"", ""Kitchen"", ""Conditioner"", ""Paid parking garage off premises"", ""Refrigerator"", ""Safe"", ""Hangers"", ""AC - split type ductless system"", ""Books and reading material"", ""Shampoo"", ""Paid dryer"", ""Freezer"", ""Park view"", ""Room-darkening shades""]",$130.00,21,4.75,27,177
24312253,172851546,t,Upper West Side,Manhattan,40.798267,-73.964378,Private room in rental unit,Private room,2,2.0,1.0,"[""Laundromat nearby"", ""Dining table"", ""Extra pillows and blankets"", ""Cooking basics"", ""Coffee"", ""Iron"", ""Bed linens"", ""Radiant heating"", ""Tresemme Moisture Rich shampoo"", ""Hockey rink"", ""Mini fridge"", ""Toaster"", ""Cleaning products"", ""Cleaning available during stay"", ""Hot water"", ""Fast wifi \u2013 1001 Mbps"", ""Tresemme Moisture Rich conditioner"", ""Safe"", ""Kayak"", ""Hangers"", ""Free dryer \u2013 In unit"", ""AC - split type ductless system"", ""Arcade games"", ""Smart lock"", ""Pack \u2019n play/Travel crib"", ""Fire extinguisher"", ""First aid kit"", ""Free washer \u2013 In unit"", ""Luggage dropoff allowed"", ""LG refrigerator"", ""Ethernet connection"", ""Bikes"", ""Drying rack for clothing"", ""Barbecue utensils"", ""Game console"", ""Smoke alarm"", ""Beach essentials"", ""Record player"", ""Baking sheet"", ""Avanti stainless steel gas stove"", ""Single level home"", ""Edifier  sound system with Bluetooth and aux"", ""Fire pit"", ""Microwave"", ""Bread maker"", ""Hair dryer"", ""Window AC unit"", ""Pets allowed"", ""Portable heater"", ""Ceiling fan"", ""Board games"", ""42 inch HDTV with Amazon Prime Video, Hulu, Netflix, HBO Max, Apple TV, Roku, Disney+"", ""Clothing storage: closet and dresser"", ""Bathtub"", ""Avanti stainless steel oven"", ""Olay Ultra Moisture with Shea Butter body soap"", ""Mosquito net"", ""Coffee maker: drip coffee maker, espresso machine, french press, pour-over coffee"", ""Shower gel"", ""Hammock"", ""Carbon monoxide alarm"", ""Free parking on premises"", ""Hot water kettle"", ""Kitchen"", ""Pocket wifi"", ""Lock on bedroom door"", ""Books and reading material"", ""Private gym nearby"", ""Room-darkening shades"", ""Portable fans"", ""Rice maker"", ""Blender"", ""Dedicated workspace"", ""Crib"", ""Self check-in"", ""Wine glasses"", ""Essentials"", ""Long term stays allowed"", ""Paid parking off premises"", ""Theme room"", ""Bidet"", ""Dishwasher"", ""BBQ grill: charcoal"", ""Outlet covers"", ""Outdoor playground"", ""Free street parking"", ""Dishes and silverware"", ""Shared backyard \u2013 Fully fenced"", ""Exercise equipment: free weights, yoga mat"", ""Piano"", ""Elevator"", ""Freezer""]",$98.00,38,4.97,0,129
10035098,51513795,f,Upper West Side,Manhattan,40.77731,-73.98143,Entire rental unit,Entire home/apt,3,,,"[""Kitchen"", ""Air conditioning"", ""Hangers"", ""Wifi"", ""Hair dryer"", ""Heating"", ""Shampoo"", ""Essentials"", ""Iron"", ""TV""]",,1,4.0,0,0
31319380,234440538,f,Upper East Side,Manhattan,40.78044,-73.95414,Entire rental unit,Entire home/apt,4,,1.0,"[""Air conditioning"", ""Carbon monoxide alarm"", ""Wifi"", ""Smoke alarm"", ""Kitchen"", ""Shampoo"", ""Essentials"", ""Heating"", ""TV""]",,0,,0,0
12492242,38864859,f,Upper East Side,Manhattan,40.7842,-73.95105,Entire rental unit,Entire home/apt,2,,,"[""Pets allowed"", ""Wifi"", ""Smoke alarm"", ""Hair dryer"", ""Kitchen"", ""Shampoo"", ""TV""]",,0,,0,0
45894474,371795453,f,Bedford-Stuyvesant,Brooklyn,40.68954849243164,-73.94300079345703,Private room in rental unit,Private room,1,,,"[""Oven"", ""Cooking basics"", ""Microwave"", ""Bed linens"", ""Dishwasher"", ""Stove"", ""Backyard"", ""BBQ grill"", ""Heating"", ""Washer"", ""TV"", ""Air conditioning"", ""Cleaning available during stay"", ""Carbon monoxide alarm"", ""Hot water kettle"", ""Dryer"", ""Wifi"", ""Kitchen"", ""Coffee maker"", ""Refrigerator""]",,0,,28,363
35996222,270796745,t,Allerton,Bronx,40.86728752629203,-73.85112759879048,Private room in rental unit,Private room,2,1.0,1.0,"[""Oven"", ""Fire extinguisher"", ""Dedicated workspace"", ""Cooking basics"", ""Microwave"", ""Hair dryer"", ""Host greets you"", ""Essentials"", ""Iron"", ""Stove"", ""Backyard"", ""Heating"", ""TV"", ""Free street parking"", ""Air conditioning"", ""Exterior security cameras on property"", ""Dishes and silverware"", ""Carbon monoxide alarm"", ""Free parking on premises"", ""Hot water"", ""Wifi"", ""Smoke alarm"", ""Kitchen"", ""Coffee maker"", ""Refrigerator"", ""Hangers"", ""Shampoo""]",$114.00,207,4.75,18,166
52060325,193758145,f,Inwood,Manhattan,40.86455,-73.92072,Entire rental unit,Entire home/apt,4,1.0,1.0,"[""Portable fans"", ""Oven"", ""Baking sheet"", ""Laundromat nearby"", ""Fire extinguisher"", ""Blender"", ""Dedicated workspace"", ""Extra pillows and blankets"", ""Dining table"", ""Cooking basics"", ""Microwave"", ""Pets allowed"", ""Hair dryer"", ""Window AC unit"", ""Host greets you"", ""Full size refrigerator with freezer on top.  Condiments provided in refrigerator.  Two ice-trays in freezer. refrigerator"", ""Wine glasses"", ""Essentials"", ""City skyline view"", ""Iron"", ""32 inch TV with Amazon Prime Video, Apple TV, Hulu, Netflix, Roku"", ""Bed linens"", ""Long term stays allowed"", ""Window guards"", ""Portable heater"", ""Board games"", ""Radiant heating"", ""Bathtub"", ""Outlet covers"", ""Coffee maker: drip coffee maker, french press"", ""Fast wifi \u2013 351 Mbps"", ""Free street parking"", ""Toaster"", ""Sound system with Bluetooth and aux"", ""Cleaning products"", ""Clothing storage"", ""Dishes and silverware"", ""Carbon monoxide alarm"", ""Free parking on premises"", ""Hot water"", ""Hot water kettle"", ""Children\u2019s dinnerware"", ""Smoke alarm"", ""Kitchen"", ""Children\u2019s books and toys for ages 2-5 years old, 5-10 years old, and 10+ years old"", ""Paid parking garage off premises"", ""Hangers"", ""Gas range-top, four burners with ample oven. gas stove"", ""Books and reading material"", ""Elevator"", ""Freezer"", ""Room-darkening shades""]",$129.00,48,4.81,0,335
867406219730555446,41704677,f,Washington Heights,Manhattan,40.84566,-73.94038,Private room in rental unit,Private room,2,,1.0,"[""Laundromat nearby"", ""Coffee maker: Nespresso"", ""Cooking basics"", ""Window AC unit"", ""Self check-in"", ""Essentials"", ""Iron"", ""Bed linens"", ""Lockbox"", ""Aveeno stress relief  body soap"", ""Radiant heating"", ""Elevator"", ""Bathtub"", ""Free street parking"", ""Mini fridge"", ""Shower gel"", ""Washer \u2013\u00a0In building"", ""Clothing storage"", ""Exterior security cameras on property"", ""Carbon monoxide alarm"", ""Hot water"", ""Wifi"", ""Smoke alarm"", ""Kitchen"", ""Refrigerator"", ""Dryer \u2013 In building"", ""Hangers"", ""42 inch HDTV with Roku"", ""Room-darkening shades""]",,11,4.55,29,364
